a325,1,a1,a,Y,100
a325,2,a2,b,N,200
a325,3,a3,c,Y,300
a325,4,a4,a,N,100
a325,5,a5,b,Y,200
a325,6,a6,c,N,300
a325,7,a7,a,Y,100
a325,8,a8,b,N,200
a325,9,a9,c,Y,300
a325,10,a10,a,N,100
a325,11,a11,b,Y,200
a325,12,a12,c,N,300
a325,13,a13,a,Y,100
a325,14,a14,b,N,200
a325,15,a15,c,Y,300
a325,16,a16,a,N,100
a325,17,a17,b,Y,200
a325,18,a18,c,N,300
a325,19,a19,a,Y,100
a325,20,a20,b,N,200
a325,21,a21,c,Y,300
a325,22,a22,a,N,100
a325,23,a23,b,Y,200
a325,24,a24,c,N,300
a325,25,a25,a,Y,100
a325,26,a26,b,N,200
a325,27,a27,c,Y,300
a325,28,a28,a,N,100
a325,29,a29,b,Y,200
a325,30,a30,c,N,300
a325,31,a31,a,Y,100
a325,32,a32,b,N,200
a325,33,a33,c,Y,300
a325,34,a34,a,N,100
a325,35,a35,b,Y,200
a325,36,a36,c,N,300
a325,37,a37,a,Y,100
a325,38,a38,b,N,200
a325,39,a39,c,Y,300
a325,40,a40,a,N,100
a325,41,a41,b,Y,200
a325,42,a42,c,N,300
a325,43,a43,a,Y,100
a325,44,a44,b,N,200
a325,45,a45,c,Y,300
a325,46,a46,a,N,100
a325,47,a47,b,Y,200
a325,48,a48,c,N,300
a325,49,a49,a,Y,100
a325,50,a50,b,N,200
a325,51,a51,c,Y,300
a325,52,a52,a,N,100
a325,53,a53,b,Y,200
a325,54,a54,c,N,300
a325,55,a55,a,Y,100
a325,56,a56,b,N,200
a325,57,a57,c,Y,300
a325,58,a58,a,N,100
a325,59,a59,b,Y,200
a325,60,a60,c,N,300
a325,61,a61,a,Y,100
a325,62,a62,b,N,200
a325,63,a63,c,Y,300
a325,64,a64,a,N,100
a325,65,a65,b,Y,200
a325,66,a66,c,N,300
a325,67,a67,a,Y,100
a325,68,a68,b,N,200
a325,69,a69,c,Y,300
a325,70,a70,a,N,100
a325,71,a71,b,Y,200
a325,72,a72,c,N,300
a325,73,a73,a,Y,100
a325,74,a74,b,N,200
a325,75,a75,c,Y,300
a325,76,a76,a,N,100
a325,77,a77,b,Y,200
a325,78,a78,c,N,300
a325,79,a79,a,Y,100
a325,80,a80,b,N,200
a325,81,a81,c,Y,300
a325,82,a82,a,N,100
a325,83,a83,b,Y,200
a325,84,a84,c,N,300
a325,85,a85,a,Y,100
a325,86,a86,b,N,200
a325,87,a87,c,Y,300
a325,88,a88,a,N,100
a325,89,a89,b,Y,200
a325,90,a90,c,N,300
a325,91,a91,a,Y,100
a325,92,a92,b,N,200
a325,93,a93,c,Y,300
a325,94,a94,a,N,100
a325,95,a95,b,Y,200
a325,96,a96,c,N,300
a325,97,a97,a,Y,100
a325,98,a98,b,N,200
a325,99,a99,c,Y,300
a325,100,a100,a,N,100
a325,101,a101,b,Y,200
a325,102,a102,c,N,300
a325,103,a103,a,Y,100
a325,104,a104,b,N,200
a325,105,a105,c,Y,300
a325,106,a106,a,N,100
a325,107,a107,b,Y,200
a325,108,a108,c,N,300
a325,109,a109,a,Y,100
a325,110,a110,b,N,200
a325,111,a111,c,Y,300
a325,112,a112,a,N,100
a325,113,a113,b,Y,200
a325,114,a114,c,N,300
a325,115,a115,a,Y,100
a325,116,a116,b,N,200
a325,117,a117,c,Y,300
a325,118,a118,a,N,100
a325,119,a119,b,Y,200
a325,120,a120,c,N,300
a325,121,a121,a,Y,100
a325,122,a122,b,N,200
a325,123,a123,c,Y,300
a325,124,a124,a,N,100
a325,125,a125,b,Y,200
a325,126,a126,c,N,300
a325,127,a127,a,Y,100
a325,128,a128,b,N,200
a325,129,a129,c,Y,300
a325,130,a130,a,N,100
a325,131,a131,b,Y,200
a325,132,a132,c,N,300
a325,133,a133,a,Y,100
a325,134,a134,b,N,200
a325,135,a135,c,Y,300
a325,136,a136,a,N,100
a325,137,a137,b,Y,200
a325,138,a138,c,N,300
a325,139,a139,a,Y,100
a325,140,a140,b,N,200
a325,141,a141,c,Y,300
a325,142,a142,a,N,100
a325,143,a143,b,Y,200
a325,144,a144,c,N,300
a325,145,a145,a,Y,100
a325,146,a146,b,N,200
a325,147,a147,c,Y,300
a325,148,a148,a,N,100
a325,149,a149,b,Y,200
a325,150,a150,c,N,300
a326,151,e1,a,Y,150
a326,152,e2,b,N,300
a326,153,e3,c,Y,450
a326,154,e4,a,N,150
a326,155,e5,b,Y,300
a326,156,e6,c,N,450
a326,157,e7,a,Y,150
a326,158,e8,b,N,300
a326,159,e9,c,Y,450
a326,160,e10,a,N,150
a326,161,e11,b,Y,300
a326,162,e12,c,N,450
a326,163,e13,a,Y,150
a326,164,e14,b,N,300
a326,165,e15,c,Y,450
a326,166,e16,a,N,150
a326,167,e17,b,Y,300
a326,168,e18,c,N,450
a326,169,e19,a,Y,150
a326,170,e20,b,N,300
a326,171,e21,c,Y,450
a326,172,e22,a,N,150
a326,173,e23,b,Y,300
a326,174,e24,c,N,450
a326,175,e25,a,Y,150
a326,176,e26,b,N,300
a326,177,e27,c,Y,450
a326,178,e28,a,N,150
a326,179,e29,b,Y,300
a326,180,e30,c,N,450
a326,181,e31,a,Y,150
a326,182,e32,b,N,300
a326,183,e33,c,Y,450
a326,184,e34,a,N,150
a326,185,e35,b,Y,300
a326,186,e36,c,N,450
a326,187,e37,a,Y,150
a326,188,e38,b,N,300
a326,189,e39,c,Y,450
a326,190,e40,a,N,150
a326,191,e41,b,Y,300
a326,192,e42,c,N,450
a326,193,e43,a,Y,150
a326,194,e44,b,N,300
a326,195,e45,c,Y,450
a326,196,e46,a,N,150
a326,197,e47,b,Y,300
a326,198,e48,c,N,450
a326,199,e49,a,Y,150
a326,200,e50,b,N,300
a326,201,e51,c,Y,450
a326,202,e52,a,N,150
a326,203,e53,b,Y,300
a326,204,e54,c,N,450
a326,205,e55,a,Y,150
a326,206,e56,b,N,300
a326,207,e57,c,Y,450
a326,208,e58,a,N,150
a326,209,e59,b,Y,300
a326,210,e60,c,N,450
a326,211,e61,a,Y,150
a326,212,e62,b,N,300
a326,213,e63,c,Y,450
a326,214,e64,a,N,150
a326,215,e65,b,Y,300
a326,216,e66,c,N,450
a326,217,e67,a,Y,150
a326,218,e68,b,N,300
a326,219,e69,c,Y,450
a326,220,e70,a,N,150
a326,221,e71,b,Y,300
a326,222,e72,c,N,450
a326,223,e73,a,Y,150
a326,224,e74,b,N,300
a326,225,e75,c,Y,450
a326,226,e76,a,N,150
a326,227,e77,b,Y,300
a326,228,e78,c,N,450
a326,229,e79,a,Y,150
a326,230,e80,b,N,300
a326,231,e81,c,Y,450
a326,232,e82,a,N,150
a326,233,e83,b,Y,300
a326,234,e84,c,N,450
a326,235,e85,a,Y,150
a326,236,e86,b,N,300
a326,237,e87,c,Y,450
a326,238,e88,a,N,150
a326,239,e89,b,Y,300
a326,240,e90,c,N,450
a326,241,e91,a,Y,150
a326,242,e92,b,N,300
a326,243,e93,c,Y,450
a326,244,e94,a,N,150
a326,245,e95,b,Y,300
a326,246,e96,c,N,450
a326,247,e97,a,Y,150
a326,248,e98,b,N,300
a326,249,e99,c,Y,450
a326,250,e100,a,N,150
a326,251,e101,b,Y,300
a326,252,e102,c,N,450
a326,253,e103,a,Y,150
a326,254,e104,b,N,300
a326,255,e105,c,Y,450
a326,256,e106,a,N,150
a326,257,e107,b,Y,300
a326,258,e108,c,N,450
a326,259,e109,a,Y,150
a326,260,e110,b,N,300
a326,261,e111,c,Y,450
a326,262,e112,a,N,150
a326,263,e113,b,Y,300
a326,264,e114,c,N,450
a326,265,e115,a,Y,150
a326,266,e116,b,N,300
a326,267,e117,c,Y,450
a326,268,e118,a,N,150
a326,269,e119,b,Y,300
a326,270,e120,c,N,450
a326,271,e121,a,Y,150
a326,272,e122,b,N,300
a326,273,e123,c,Y,450
a326,274,e124,a,N,150
a326,275,e125,b,Y,300
a326,276,e126,c,N,450
a326,277,e127,a,Y,150
a326,278,e128,b,N,300
a326,279,e129,c,Y,450
a326,280,e130,a,N,150
a326,281,e131,b,Y,300
a326,282,e132,c,N,450
a326,283,e133,a,Y,150
a326,284,e134,b,N,300
a326,285,e135,c,Y,450
a326,286,e136,a,N,150
a326,287,e137,b,Y,300
a326,288,e138,c,N,450
a326,289,e139,a,Y,150
a326,290,e140,b,N,300
a326,291,e141,c,Y,450
a326,292,e142,a,N,150
a326,293,e143,b,Y,300
a326,294,e144,c,N,450
a326,295,e145,a,Y,150
a326,296,e146,b,N,300
a326,297,e147,c,Y,450
a326,298,e148,a,N,150
a326,299,e149,b,Y,300
a326,300,e150,c,N,450
a327,301,x1,a,Y,300
a327,302,x2,b,Y,350
a327,303,x3,c,N,400
a327,304,x4,a,Y,300
a327,305,x5,b,Y,350
a327,306,x6,c,Y,400
a327,307,x7,a,N,300
a327,308,x8,b,Y,350
a327,309,x9,c,Y,400
a327,310,x10,a,N,300
a327,311,x11,b,Y,350
a327,312,x12,c,Y,400
a327,313,x13,a,Y,300
a327,314,x14,b,N,350
a327,315,x15,c,Y,400
a327,316,x16,a,Y,300
a327,317,x17,b,N,350
a327,318,x18,c,Y,400
a327,319,x19,a,Y,300
a327,320,x20,b,Y,350
a327,321,x21,c,N,400
a327,322,x22,a,Y,300
a327,323,x23,b,Y,350
a327,324,x24,c,N,400
a327,325,x25,a,Y,300
a327,326,x26,b,Y,350
a327,327,x27,c,Y,400
a327,328,x28,a,N,300
a327,329,x29,b,Y,350
a327,330,x30,c,Y,400
a327,331,x31,a,N,300
a327,332,x32,b,Y,350
a327,333,x33,c,Y,400
a327,334,x34,a,Y,300
a327,335,x35,b,N,350
a327,336,x36,c,Y,400
a327,337,x37,a,Y,300
a327,338,x38,b,N,350
a327,339,x39,c,Y,400
a327,340,x40,a,Y,300
a327,341,x41,b,Y,350
a327,342,x42,c,N,400
a327,343,x43,a,Y,300
a327,344,x44,b,Y,350
a327,345,x45,c,N,400
a327,346,x46,a,Y,300
a327,347,x47,b,Y,350
a327,348,x48,c,Y,400
a327,349,x49,a,N,300
a327,350,x50,b,Y,350
a327,351,x51,c,Y,400
a327,352,x52,a,N,300
a327,353,x53,b,Y,350
a327,354,x54,c,Y,400
a327,355,x55,a,Y,300
a327,356,x56,b,N,350
a327,357,x57,c,Y,400
a327,358,x58,a,Y,300
a327,359,x59,b,N,350
a327,360,x60,c,Y,400
a327,361,x61,a,Y,300
a327,362,x62,b,Y,350
a327,363,x63,c,N,400
a327,364,x64,a,Y,300
a327,365,x65,b,Y,350
a327,366,x66,c,N,400
a327,367,x67,a,Y,300
a327,368,x68,b,Y,350
a327,369,x69,c,Y,400
a327,370,x70,a,N,300
a327,371,x71,b,Y,350
a327,372,x72,c,Y,400
a327,373,x73,a,N,300
a327,374,x74,b,Y,350
a327,375,x75,c,Y,400
a327,376,x76,a,Y,300
a327,377,x77,b,N,350
a327,378,x78,c,Y,400
a327,379,x79,a,Y,300
a327,380,x80,b,N,350
a327,381,x81,c,Y,400
a327,382,x82,a,Y,300
a327,383,x83,b,Y,350
a327,384,x84,c,N,400
a327,385,x85,a,Y,300
a327,386,x86,b,Y,350
a327,387,x87,c,N,400
a327,388,x88,a,Y,300
a327,389,x89,b,Y,350
a327,390,x90,c,Y,400
a327,391,x91,a,N,300
a327,392,x92,b,Y,350
a327,393,x93,c,Y,400
a327,394,x94,a,N,300
a327,395,x95,b,Y,350
a327,396,x96,c,Y,400
a327,397,x97,a,Y,300
a327,398,x98,b,N,350
a327,399,x99,c,Y,400
a327,400,x100,a,Y,300
a327,401,x101,b,N,350
a327,402,x102,c,Y,400
a327,403,x103,a,Y,300
a327,404,x104,b,Y,350
a327,405,x105,c,N,400
a327,406,x106,a,Y,300
a327,407,x107,b,Y,350
a327,408,x108,c,N,400
a327,409,x109,a,Y,300
a327,410,x110,b,Y,350
a327,411,x111,c,Y,400
a327,412,x112,a,N,300
a327,413,x113,b,Y,350
a327,414,x114,c,Y,400
a327,415,x115,a,N,300
a327,416,x116,b,Y,350
a327,417,x117,c,Y,400
a327,418,x118,a,Y,300
a327,419,x119,b,N,350
a327,420,x120,c,Y,400
a327,421,x121,a,Y,300
a327,422,x122,b,N,350
a327,423,x123,c,Y,400
a327,424,x124,a,Y,300
a327,425,x125,b,Y,350
a327,426,x126,c,N,400
a327,427,x127,a,Y,300
a327,428,x128,b,Y,350
a327,429,x129,c,N,400
a327,430,x130,a,Y,300
a327,431,x131,b,Y,350
a327,432,x132,c,Y,400
a327,433,x133,a,N,300
a327,434,x134,b,Y,350
a327,435,x135,c,Y,400
a327,436,x136,a,N,300
a327,437,x137,b,Y,350
a327,438,x138,c,Y,400
a327,439,x139,a,Y,300
a327,440,x140,b,N,350
a327,441,x141,c,Y,400
a327,442,x142,a,Y,300
a327,443,x143,b,N,350
a327,444,x144,c,Y,400
a327,445,x145,a,Y,300
a327,446,x146,b,Y,350
a327,447,x147,c,N,400
a327,448,x148,a,Y,300
a327,449,x149,b,Y,350
a327,450,x150,c,N,400
a328,451,l1,a,Y,500
a328,452,l2,b,Y,600
a328,453,l3,c,Y,700
a328,454,l4,a,N,500
a328,455,l5,b,Y,600
a328,456,l6,c,Y,700
a328,457,l7,a,N,500
a328,458,l8,b,Y,600
a328,459,l9,c,Y,700
a328,460,l10,a,Y,500
a328,461,l11,b,N,600
a328,462,l12,c,Y,700
a328,463,l13,a,Y,500
a328,464,l14,b,N,600
a328,465,l15,c,Y,700
a328,466,l16,a,Y,500
a328,467,l17,b,Y,600
a328,468,l18,c,N,700
a328,469,l19,a,Y,500
a328,470,l20,b,Y,600
a328,471,l21,c,N,700
a328,472,l22,a,Y,500
a328,473,l23,b,Y,600
a328,474,l24,c,Y,700
a328,475,l25,a,N,500
a328,476,l26,b,Y,600
a328,477,l27,c,Y,700
a328,478,l28,a,N,500
a328,479,l29,b,Y,600
a328,480,l30,c,Y,700
a328,481,l31,a,Y,500
a328,482,l32,b,N,600
a328,483,l33,c,Y,700
a328,484,l34,a,Y,500
a328,485,l35,b,N,600
a328,486,l36,c,Y,700
a328,487,l37,a,Y,500
a328,488,l38,b,Y,600
a328,489,l39,c,N,700
a328,490,l40,a,Y,500
a328,491,l41,b,Y,600
a328,492,l42,c,N,700
a328,493,l43,a,Y,500
a328,494,l44,b,Y,600
a328,495,l45,c,Y,700
a328,496,l46,a,N,500
a328,497,l47,b,Y,600
a328,498,l48,c,Y,700
a328,499,l49,a,N,500
a328,500,l50,b,Y,600
a328,501,l51,c,Y,700
a328,502,l52,a,Y,500
a328,503,l53,b,N,600
a328,504,l54,c,Y,700
a328,505,l55,a,Y,500
a328,506,l56,b,N,600
a328,507,l57,c,Y,700
a328,508,l58,a,Y,500
a328,509,l59,b,Y,600
a328,510,l60,c,N,700
a328,511,l61,a,Y,500
a328,512,l62,b,Y,600
a328,513,l63,c,N,700
a328,514,l64,a,Y,500
a328,515,l65,b,Y,600
a328,516,l66,c,Y,700
a328,517,l67,a,N,500
a328,518,l68,b,Y,600
a328,519,l69,c,Y,700
a328,520,l70,a,N,500
a328,521,l71,b,Y,600
a328,522,l72,c,Y,700
a328,523,l73,a,Y,500
a328,524,l74,b,N,600
a328,525,l75,c,Y,700
a328,526,l76,a,Y,500
a328,527,l77,b,N,600
a328,528,l78,c,Y,700
a328,529,l79,a,Y,500
a328,530,l80,b,Y,600
a328,531,l81,c,N,700
a328,532,l82,a,Y,500
a328,533,l83,b,Y,600
a328,534,l84,c,N,700
a328,535,l85,a,Y,500
a328,536,l86,b,Y,600
a328,537,l87,c,Y,700
a328,538,l88,a,N,500
a328,539,l89,b,Y,600
a328,540,l90,c,Y,700
a328,541,l91,a,N,500
a328,542,l92,b,Y,600
a328,543,l93,c,Y,700
a328,544,l94,a,Y,500
a328,545,l95,b,N,600
a328,546,l96,c,Y,700
a328,547,l97,a,Y,500
a328,548,l98,b,N,600
a328,549,l99,c,Y,700
a328,550,l100,a,Y,500
a328,551,l101,b,Y,600
a328,552,l102,c,N,700
a328,553,l103,a,Y,500
a328,554,l104,b,Y,600
a328,555,l105,c,N,700
a328,556,l106,a,Y,500
a328,557,l107,b,Y,600
a328,558,l108,c,Y,700
a328,559,l109,a,N,500
a328,560,l110,b,Y,600
a328,561,l111,c,Y,700
a328,562,l112,a,N,500
a328,563,l113,b,Y,600
a328,564,l114,c,Y,700
a328,565,l115,a,Y,500
a328,566,l116,b,N,600
a328,567,l117,c,Y,700
a328,568,l118,a,Y,500
a328,569,l119,b,N,600
a328,570,l120,c,Y,700
a328,571,l121,a,Y,500
a328,572,l122,b,Y,600
a328,573,l123,c,N,700
a328,574,l124,a,Y,500
a328,575,l125,b,Y,600
a328,576,l126,c,N,700
a328,577,l127,a,Y,500
a328,578,l128,b,Y,600
a328,579,l129,c,Y,700
a328,580,l130,a,N,500
a328,581,l131,b,Y,600
a328,582,l132,c,Y,700
a328,583,l133,a,N,500
a328,584,l134,b,Y,600
a328,585,l135,c,Y,700
a328,586,l136,a,Y,500
a328,587,l137,b,N,600
a328,588,l138,c,Y,700
a328,589,l139,a,Y,500
a328,590,l140,b,N,600
a328,591,l141,c,Y,700
a328,592,l142,a,Y,500
a328,593,l143,b,Y,600
a328,594,l144,c,N,700
a328,595,l145,a,Y,500
a328,596,l146,b,Y,600
a328,597,l147,c,N,700
a328,598,l148,a,Y,500
a328,599,l149,b,Y,600
a328,600,l150,c,Y,700
