<?xml version="1.0" encoding="UTF-8"?>
<project-private xmlns="http://www.netbeans.org/ns/project-private/1">
    <editor-bookmarks xmlns="http://www.netbeans.org/ns/editor-bookmarks/2" lastBookmarkId="0"/>
    <open-files xmlns="http://www.netbeans.org/ns/projectui-open-files/2">
        <group>
            <file>file:/C:/Users/rahil/AED_LAB/shah_rah_001880488/Homework_4/src/UserInterface/ManageAirliners/CreateNewAirlinerJPanel.java</file>
            <file>file:/C:/Users/rahil/AED_LAB/shah_rah_001880488/Homework_4/src/Business/TravelAgency.java</file>
            <file>file:/C:/Users/rahil/AED_LAB/shah_rah_001880488/Homework_4/src/UserInterface/ManageAirliners/ManageFlightJPanel.java</file>
            <file>file:/C:/Users/rahil/AED_LAB/shah_rah_001880488/Homework_4/src/Business/CustomerDirectory.java</file>
            <file>file:/C:/Users/rahil/AED_LAB/shah_rah_001880488/Homework_4/src/Business/PersonData.java</file>
            <file>file:/C:/Users/rahil/AED_LAB/shah_rah_001880488/Homework_4/src/UserInterface/ManageAirliners/ViewFlightJPanel.java</file>
            <file>file:/C:/Users/rahil/AED_LAB/shah_rah_001880488/Homework_4/src/UserInterface/ManageCustomers/ViewBestFlightsJPanel.java</file>
            <file>file:/C:/Users/rahil/AED_LAB/shah_rah_001880488/Homework_4/src/UserInterface/ManageCustomers/ViewFlightDetailsJPanel.java</file>
            <file>file:/C:/Users/rahil/AED_LAB/shah_rah_001880488/Homework_4/src/Business/Flight.java</file>
            <file>file:/C:/Users/rahil/AED_LAB/shah_rah_001880488/Homework_4/src/Business/Airliner.java</file>
            <file>file:/C:/Users/rahil/AED_LAB/shah_rah_001880488/Homework_4/src/UserInterface/ManageCustomers/BookFlightJPanel.java</file>
            <file>file:/C:/Users/rahil/AED_LAB/shah_rah_001880488/Homework_4/src/UserInterface/ManageAirliners/ManageAirlinersJPanel.java</file>
            <file>file:/C:/Users/rahil/AED_LAB/shah_rah_001880488/Homework_4/src/Business/Seat.java</file>
            <file>file:/C:/Users/rahil/AED_LAB/shah_rah_001880488/Homework_4/src/UserInterface/TravelAgencyMain.java</file>
            <file>file:/C:/Users/rahil/AED_LAB/shah_rah_001880488/Homework_4/src/UserInterface/ManageAirliners/NewFlightJPanel.java</file>
        </group>
    </open-files>
</project-private>
